City_ID,City,Country,Date,Lat,Lng,Max Temp,Humidity,Cloudiness,Wind Speed
0,Swift Current,CA,2022-11-09 20:46:55,50.2834,-107.8014,2.21,85,100,6.91
1,Novyy Urengoy,RU,2022-11-09 20:50:47,66.0833,76.6333,-6.56,99,28,1.34
2,Bluff,NZ,2022-11-09 20:50:47,-46.6,168.3333,53.8,62,3,5.99
3,Bure,ET,2022-11-09 20:50:48,10.7,37.0667,54.82,89,81,5.08
4,Barrow,US,2022-11-09 20:46:00,71.2906,-156.7887,24.82,86,0,11.5
5,Butaritari,KI,2022-11-09 20:46:42,3.0707,172.7902,81.34,79,100,20.98
6,Yenagoa,NG,2022-11-09 20:50:48,4.9247,6.2642,76.42,91,100,4.25
7,Punta Arenas,CL,2022-11-09 20:47:44,-53.15,-70.9167,53.62,43,40,23.02
8,Tuktoyaktuk,CA,2022-11-09 20:50:11,69.4541,-133.0374,15.8,92,75,5.75
9,Katsuura,JP,2022-11-09 20:47:46,35.1333,140.3,63.36,66,1,14.56
10,Yuma,US,2022-11-09 20:50:26,32.7253,-114.6244,70.52,33,75,23.02
11,Cherskiy,RU,2022-11-09 20:47:53,68.75,161.3,-1.21,97,100,6.98
12,Dubai,AE,2022-11-09 20:46:15,25.2582,55.3047,82.33,65,0,10.36
13,Puerto Ayora,EC,2022-11-09 20:50:49,-0.7393,-90.3518,75.16,81,18,5.99
14,Bengkulu,ID,2022-11-09 20:49:20,-3.8004,102.2655,75.42,90,100,3.53
15,Lata,PT,2022-11-09 20:50:49,40.1629,-8.3327,59.07,94,17,1.92
16,Arrecife,ES,2022-11-09 20:50:49,28.963,-13.5477,69.78,73,20,8.05
17,San Pedro,PH,2022-11-09 20:48:35,14.35,121.0167,79.83,86,20,2.3
18,Kieta,PG,2022-11-09 20:50:50,-6.2167,155.6333,82.0,75,23,2.19
19,Provideniya,RU,2022-11-09 20:47:46,64.3833,-173.3,24.91,68,100,4.47
20,Hermanus,ZA,2022-11-09 20:46:37,-34.4187,19.2345,57.79,61,95,10.78
21,Sao Joao Da Barra,BR,2022-11-09 20:50:50,-21.6403,-41.0511,71.69,84,64,10.78
22,Kavaratti,IN,2022-11-09 20:50:50,10.5669,72.642,82.0,71,60,6.08
23,Dwarka,IN,2022-11-09 20:50:50,22.2394,68.9678,79.5,64,0,13.73
24,Tautira,PF,2022-11-09 20:50:51,-17.7333,-149.15,77.68,81,34,16.24
25,Traverse City,US,2022-11-09 20:46:12,44.7631,-85.6206,58.84,75,100,6.91
26,Albany,US,2022-11-09 20:46:25,42.6001,-73.9662,50.41,35,0,1.99
27,Gravelbourg,CA,2022-11-09 20:50:51,49.8834,-106.5512,5.27,83,95,8.03
28,Araouane,ML,2022-11-09 20:50:51,18.9048,-3.5265,76.48,12,1,5.46
29,Luau,AO,2022-11-09 20:50:52,-10.7073,22.2247,65.61,97,100,4.16
30,Mar Del Plata,AR,2022-11-09 20:47:47,-38.0023,-57.5575,78.84,79,0,21.0
31,Bethel,US,2022-11-09 20:48:59,41.3712,-73.414,53.35,42,0,1.01
32,Emba,KZ,2022-11-09 20:50:52,48.8264,58.1442,29.79,87,18,5.41
33,Lashio,MM,2022-11-09 20:50:52,22.9333,97.75,53.94,90,2,1.74
34,Kruisfontein,ZA,2022-11-09 20:50:53,-34.0033,24.7314,57.88,83,62,5.17
35,Torbay,CA,2022-11-09 20:50:53,47.6666,-52.7314,36.27,72,75,27.63
36,Castro,BR,2022-11-09 20:47:53,-24.7911,-50.0119,67.6,57,9,2.33
37,Palmer,US,2022-11-09 20:50:53,42.1584,-72.3287,52.34,34,0,6.91
38,Alofi,NU,2022-11-09 20:47:48,-19.0595,-169.9187,80.49,69,75,14.97
39,Cape Town,ZA,2022-11-09 20:45:01,-33.9258,18.4232,61.27,64,0,13.8
40,College,US,2022-11-09 20:50:54,64.8569,-147.8028,23.2,90,100,3.44
41,Birao,CF,2022-11-09 20:50:54,10.2849,22.7882,75.16,25,5,5.26
42,Chuy,UY,2022-11-09 20:50:10,-33.6971,-53.4616,64.62,72,2,10.78
43,Donskoy,RU,2022-11-09 20:50:54,53.9711,38.3363,47.82,93,100,11.56
44,Los Llanos De Aridane,ES,2022-11-09 20:50:54,28.6585,-17.9182,67.12,66,20,8.99
45,Aljezur,PT,2022-11-09 20:50:55,37.3191,-8.8033,60.48,87,7,7.16
46,Abu Samrah,SY,2022-11-09 20:51:55,35.3029,37.1841,58.12,73,2,6.87
47,Pisco,PE,2022-11-09 20:50:16,-13.7,-76.2167,68.05,68,0,19.57
48,Saint George,US,2022-11-09 20:48:09,37.1041,-113.5841,55.44,44,75,8.01
49,Sayansk,RU,2022-11-09 20:51:55,54.1088,102.1648,18.55,87,99,1.34
50,Kodiak,US,2022-11-09 20:48:57,57.79,-152.4072,35.11,93,100,19.57
51,Dingle,PH,2022-11-09 20:51:56,10.9995,122.6711,76.6,91,100,6.53
52,Mastic Beach,US,2022-11-09 20:51:56,40.7668,-72.8521,54.03,66,0,8.05
53,Ushuaia,AR,2022-11-09 20:51:56,-54.8,-68.3,51.42,70,75,32.21
54,Rikitea,PF,2022-11-09 20:51:57,-23.1203,-134.9692,73.24,88,100,10.07
55,Avarua,CK,2022-11-09 20:47:51,-21.2078,-159.775,77.05,73,20,13.8
56,Busselton,AU,2022-11-09 20:51:57,-33.65,115.3333,57.87,89,94,6.22
57,Mogadishu,SO,2022-11-09 20:51:57,2.0371,45.3438,78.78,84,92,12.66
58,Mattru,SL,2022-11-09 20:51:57,7.6244,-11.8332,74.93,92,57,2.06
59,Longyearbyen,SJ,2022-11-09 20:51:58,78.2186,15.6401,21.04,73,0,12.66
60,Fortuna,US,2022-11-09 20:46:41,40.5982,-124.1573,57.92,72,40,4.61
61,Georgetown,MY,2022-11-09 20:49:20,5.4112,100.3354,79.95,91,20,4.61
62,Kapaa,US,2022-11-09 20:44:40,22.0752,-159.319,82.38,74,75,16.11
63,Atuona,PF,2022-11-09 20:51:58,-9.8,-139.0333,77.45,70,82,17.85
64,Hobart,AU,2022-11-09 20:42:03,-42.8794,147.3294,63.27,70,20,10.36
65,Tiksi,RU,2022-11-09 20:49:06,71.6872,128.8694,-12.1,98,96,8.46
66,Asfi,MA,2022-11-09 20:51:59,32.2994,-9.2372,66.24,87,4,11.34
67,Kahului,US,2022-11-09 20:51:59,20.8947,-156.47,84.22,65,20,19.57
68,San Quintin,MX,2022-11-09 20:49:07,30.4833,-115.95,66.24,56,1,17.49
69,Port Alfred,ZA,2022-11-09 20:46:37,-33.5906,26.891,62.19,88,99,3.0
70,Pauini,BR,2022-11-09 20:51:59,-7.7136,-66.9764,97.52,31,72,1.45
71,Carnarvon,AU,2022-11-09 20:48:56,-24.8667,113.6333,65.3,70,0,12.12
72,Mocuba,MZ,2022-11-09 20:51:59,-16.8392,36.9856,75.69,74,100,3.36
73,Ixtapa,MX,2022-11-09 20:52:00,20.7,-105.2,83.23,73,1,5.99
74,Yellowknife,CA,2022-11-09 20:47:24,62.456,-114.3525,10.92,85,100,14.97
75,Hasaki,JP,2022-11-09 20:52:00,35.7333,140.8333,46.8,80,53,8.99
76,Moradabad,IN,2022-11-09 20:52:01,28.8333,78.7833,67.3,62,2,1.57
77,Souillac,MU,2022-11-09 20:50:08,-20.5167,57.5167,73.78,78,75,6.91
78,Dikson,RU,2022-11-09 20:52:01,73.5069,80.5464,2.14,91,90,3.13
79,Ponta Do Sol,PT,2022-11-09 20:49:06,32.6667,-17.1,70.72,86,37,4.09
80,Pangnirtung,CA,2022-11-09 20:52:01,66.1451,-65.7125,12.2,79,100,3.44
81,Puerto Escondido,MX,2022-11-09 20:52:02,15.85,-97.0667,86.83,58,40,11.5
82,Sitka,US,2022-11-09 20:52:02,57.0531,-135.33,39.09,56,75,14.97
83,Cabedelo,BR,2022-11-09 20:52:02,-6.9811,-34.8339,83.07,73,28,11.14
84,Comodoro Rivadavia,AR,2022-11-09 20:52:02,-45.8667,-67.5,69.66,32,0,17.27
85,Chokurdakh,RU,2022-11-09 20:48:55,70.6333,147.9167,-10.08,100,78,8.16
86,Gizo,SB,2022-11-09 20:49:07,-8.103,156.8419,82.4,79,94,8.19
87,Shar,KZ,2022-11-09 20:52:03,49.5886,81.0453,25.43,88,100,6.67
88,Grindavik,IS,2022-11-09 20:52:03,63.8424,-22.4338,42.75,87,75,5.75
89,Benguela,AO,2022-11-09 20:52:04,-12.5763,13.4055,74.7,74,55,4.65
90,Gamba,GA,2022-11-09 20:49:06,-2.65,10.0,76.84,89,100,7.38
91,Ozernovskiy,RU,2022-11-09 20:52:04,51.5,156.5167,36.25,65,100,12.17
92,Ribeira Grande,PT,2022-11-09 20:53:04,38.5167,-28.7,68.4,88,75,20.0
93,Greifswald,DE,2022-11-09 20:53:05,54.1,13.3833,52.47,78,100,13.71
94,Tasiilaq,GL,2022-11-09 20:46:42,65.6145,-37.6368,32.16,75,99,3.98
95,Khatanga,RU,2022-11-09 20:50:09,71.9667,102.5,-8.36,98,100,6.15
96,Touros,BR,2022-11-09 20:53:05,-5.1989,-35.4608,78.71,76,75,14.56
97,Angoram,PG,2022-11-09 20:53:05,-4.0625,144.0661,72.72,99,100,2.08
98,Bredasdorp,ZA,2022-11-09 20:53:06,-34.5322,20.0403,60.55,54,99,7.72
99,Saint-Philippe,RE,2022-11-09 20:47:47,-21.3585,55.7679,71.19,78,61,8.12
100,Koygorodok,RU,2022-11-09 20:53:06,60.445,50.9968,35.02,99,100,4.92
101,Mataura,NZ,2022-11-09 20:47:46,-46.1927,168.8643,52.48,52,3,3.76
102,Pointe Michel,DM,2022-11-09 20:53:06,15.25,-61.3833,83.34,78,75,1.14
103,Cabo San Lucas,MX,2022-11-09 20:49:52,22.8909,-109.9124,86.61,65,1,10.8
104,Zyryanka,RU,2022-11-09 20:53:07,65.75,150.85,-1.28,98,100,7.34
105,Olafsvik,IS,2022-11-09 20:47:52,64.8945,-23.7142,38.37,92,100,25.72
106,Beroroha,MG,2022-11-09 20:53:07,-21.6667,45.1667,77.23,71,28,1.05
107,Bailieborough,IE,2022-11-09 20:53:07,53.9167,-6.9667,52.43,87,100,17.09
108,Padang,ID,2022-11-09 20:49:05,-0.9492,100.3543,76.78,86,100,1.52
109,Lazaro Cardenas,MX,2022-11-09 20:53:08,17.9583,-102.2,83.37,72,44,11.74
110,Sao Filipe,CV,2022-11-09 20:53:08,14.8961,-24.4956,78.53,67,96,8.12
111,Nikolskoye,RU,2022-11-09 20:53:08,59.7035,30.7861,49.91,90,100,7.54
112,Tukrah,LY,2022-11-09 20:53:09,32.5341,20.5791,66.29,73,7,7.18
113,Castro Marim,PT,2022-11-09 20:53:09,37.2207,-7.4435,66.29,67,59,5.44
114,Maraa,BR,2022-11-09 20:53:09,-1.8333,-65.3667,85.15,65,71,4.0
115,Fairbanks,US,2022-11-09 20:46:24,64.8378,-147.7164,23.22,90,100,3.44
116,Takoradi,GH,2022-11-09 20:53:10,4.8845,-1.7554,78.66,83,22,7.09
117,Amberley,US,2022-11-09 20:53:10,39.2048,-84.428,75.06,27,25,1.99
118,Iqaluit,CA,2022-11-09 20:53:10,63.7506,-68.5145,10.13,79,100,12.66
119,Mersing,MY,2022-11-09 20:52:04,2.4312,103.8405,75.11,94,20,6.91
120,Qaanaaq,GL,2022-11-09 20:50:20,77.484,-69.3632,-9.69,59,98,7.11
121,Tura,IN,2022-11-09 20:53:11,25.5198,90.2201,64.38,92,0,3.91
122,Flin Flon,CA,2022-11-09 20:53:11,54.7682,-101.865,10.24,67,40,10.36
123,Severo-Kurilsk,RU,2022-11-09 20:46:40,50.6789,156.125,33.28,69,16,7.54
124,Salekhard,RU,2022-11-09 20:53:11,66.53,66.6019,9.52,97,89,4.65
125,Berlevag,NO,2022-11-09 20:53:12,70.8578,29.0864,35.4,86,75,5.75
126,Newtownards,GB,2022-11-09 20:53:12,54.5924,-5.6909,52.54,87,100,17.27
127,Bathsheba,BB,2022-11-09 20:53:12,13.2167,-59.5167,83.01,78,20,8.05
128,La Libertad,EC,2022-11-09 20:51:22,-2.2333,-80.9,71.26,83,75,9.22
129,Taltal,CL,2022-11-09 20:53:13,-25.4,-70.4833,63.79,68,23,6.33
130,Camacha,PT,2022-11-09 20:53:13,33.0833,-16.3333,65.62,73,40,6.91
131,Makakilo City,US,2022-11-09 20:49:12,21.3469,-158.0858,82.72,68,0,14.97
132,Manggar,ID,2022-11-09 20:53:13,-2.8833,108.2667,76.6,90,79,7.52
133,Nanortalik,GL,2022-11-09 20:53:14,60.1432,-45.2371,32.0,79,100,7.09
134,Sala Consilina,IT,2022-11-09 20:53:14,40.3912,15.5989,51.57,81,18,1.61
135,Charters Towers,AU,2022-11-09 20:53:14,-20.1,146.2667,71.28,67,100,11.99
136,Jumla,NP,2022-11-09 20:53:15,29.2747,82.1838,40.84,83,89,4.5
137,Punta Alta,AR,2022-11-09 20:53:38,-38.8759,-62.0736,82.13,27,100,9.48
138,Port Hardy,CA,2022-11-09 20:54:15,50.6996,-127.4199,35.78,80,75,2.3
139,Doha,QA,2022-11-09 20:50:17,25.2867,51.5333,84.09,72,0,11.5
140,Mahebourg,MU,2022-11-09 20:48:55,-20.4081,57.7,73.69,78,75,6.91
141,Smidovich,RU,2022-11-09 20:54:16,48.6,133.8167,27.73,48,0,13.29
142,Vaini,TO,2022-11-09 20:54:16,-21.2,-175.2,78.96,83,75,12.66
143,Blessington,IE,2022-11-09 20:54:16,53.17,-6.5325,54.1,85,75,23.02
144,Kutum,SD,2022-11-09 20:54:17,14.2,24.6667,68.14,24,13,8.75
145,Coquimbo,CL,2022-11-09 20:48:22,-29.9533,-71.3436,60.53,67,75,8.05
146,Ishigaki,JP,2022-11-09 20:54:17,24.3448,124.1572,77.13,94,100,14.97
147,Natchez,US,2022-11-09 20:54:17,31.5604,-91.4032,83.64,39,0,10.36
148,Komsomolskiy,UZ,2022-11-09 20:54:18,40.4272,71.7189,34.52,86,2,6.91
149,Lompoc,US,2022-11-09 20:54:18,34.6391,-120.4579,64.02,63,40,11.5
150,Cairns,AU,2022-11-09 20:54:18,-16.9167,145.7667,78.75,78,40,5.75
151,Ucluelet,CA,2022-11-09 20:49:56,48.9329,-125.5528,45.09,81,5,3.51
152,Ilulissat,GL,2022-11-09 20:47:49,69.2167,-51.1,-7.38,77,87,4.47
153,Hilo,US,2022-11-09 20:44:16,19.7297,-155.09,80.26,87,75,5.75
154,Bud,US,2022-11-09 20:54:19,39.447,-86.1758,75.47,30,64,6.17
155,Siraha,NP,2022-11-09 20:54:19,26.6541,86.2087,67.55,73,0,1.9
156,Maniitsoq,GL,2022-11-09 20:54:19,65.4167,-52.9,18.86,51,100,3.4
157,Mount Gambier,AU,2022-11-09 20:54:20,-37.8333,140.7667,67.64,65,97,11.54
158,Codrington,AU,2022-11-09 20:47:50,-38.2667,141.9667,66.11,75,100,19.77
159,Nelson Bay,AU,2022-11-09 20:47:48,-32.7167,152.15,66.0,90,54,1.99
160,Jamestown,US,2022-11-09 20:46:36,42.097,-79.2353,62.24,21,0,9.22
161,Kloulklubed,PW,2022-11-09 20:54:20,7.0419,134.2556,83.71,77,100,13.69
162,Uarini,BR,2022-11-09 20:54:20,-2.99,-65.1083,84.51,62,82,3.8
163,Honningsvag,NO,2022-11-09 20:54:21,70.9821,25.9704,37.15,75,100,4.61
164,Guarapari,BR,2022-11-09 20:51:19,-20.6667,-40.4975,74.89,82,89,10.63
165,Lagos,NG,2022-11-09 20:54:21,6.5833,3.75,77.32,86,86,3.0
166,Rawlins,US,2022-11-09 20:54:21,41.7911,-107.2387,36.36,75,100,25.32
167,Upernavik,GL,2022-11-09 20:54:21,72.7868,-56.1549,8.65,86,100,3.2
168,Lebu,CL,2022-11-09 20:54:22,-37.6167,-73.65,57.54,80,87,16.42
169,Tessalit,ML,2022-11-09 20:54:22,20.1986,1.0114,75.02,13,18,9.28
170,Skelleftea,SE,2022-11-09 20:48:56,64.7507,20.9528,28.76,100,100,8.05
171,Constitucion,CL,2022-11-09 20:46:39,-35.3333,-72.4167,53.87,92,100,14.79
172,Koumac,NC,2022-11-09 20:54:23,-20.5667,164.2833,76.23,71,44,15.12
173,Saint-Francois,FR,2022-11-09 20:54:23,46.4154,3.9054,51.24,93,0,3.44
174,The Valley,AI,2022-11-09 20:54:23,18.217,-63.0578,82.81,74,20,8.05
175,Pundaguitan,PH,2022-11-09 20:54:23,6.3711,126.1689,81.93,75,99,7.72
176,Tyulgan,RU,2022-11-09 20:54:24,52.3405,56.166,27.72,98,100,10.09
177,Novyy Urgal,RU,2022-11-09 20:54:24,51.0736,132.5642,19.0,68,3,4.45
178,Andenes,NO,2022-11-09 20:54:24,69.3143,16.1194,37.38,60,0,16.11
179,Starachowice,PL,2022-11-09 20:54:25,51.0374,21.0713,44.65,80,78,5.88
180,Hami,CN,2022-11-09 20:54:25,42.8,93.45,41.05,38,100,8.93
181,Teguise,ES,2022-11-09 20:52:42,29.0605,-13.564,66.42,73,20,8.05
182,Saint-Pierre,RE,2022-11-09 20:54:25,-21.3393,55.4781,76.57,64,0,6.91
183,Thompson,CA,2022-11-09 20:54:26,55.7435,-97.8558,12.36,79,100,10.36
184,Sorland,NO,2022-11-09 20:50:13,67.667,12.6934,40.86,61,37,13.22
185,Laguna,US,2022-11-09 20:50:09,38.421,-121.4238,60.89,65,75,5.75
186,Nome,US,2022-11-09 20:54:15,64.5011,-165.4064,30.16,90,100,8.03
187,Karratha,AU,2022-11-09 20:55:26,-20.7377,116.8463,67.53,58,0,14.79
188,Asau,RO,2022-11-09 20:55:26,46.4333,26.4,43.72,80,14,4.59
189,Boves,IT,2022-11-09 20:55:27,44.332,7.5514,52.86,91,100,0.58
190,Mount Isa,AU,2022-11-09 20:55:27,-20.7333,139.5,73.17,73,94,8.05
191,Puerto Rico,AR,2022-11-09 20:55:27,-26.796,-55.024,79.84,41,5,0.43
192,Kitgum,UG,2022-11-09 20:55:27,3.2783,32.8867,73.92,69,100,4.34
193,Guerrero Negro,MX,2022-11-09 20:49:05,27.9769,-114.0611,70.14,58,1,14.74
194,Kalengwa,ZM,2022-11-09 20:55:28,-13.4659,25.0027,63.12,96,100,2.55
195,Filingue,NE,2022-11-09 20:55:28,14.3521,3.3168,84.29,15,0,5.7
196,Ko Samui,TH,2022-11-09 20:55:28,9.5357,99.9357,81.54,71,51,8.16
197,Santa Vitoria Do Palmar,BR,2022-11-09 20:55:29,-33.5189,-53.3681,64.89,70,1,10.94
198,Pevek,RU,2022-11-09 20:55:29,69.7008,170.3133,-9.13,99,100,2.08
199,Raudeberg,NO,2022-11-09 20:55:29,61.9875,5.1352,48.96,22,93,20.13
200,Atyrau,KZ,2022-11-09 20:55:29,47.1167,51.8833,37.42,87,75,15.66
201,Bara,NG,2022-11-09 20:55:30,10.3744,10.7288,79.47,26,56,6.06
202,Port Elizabeth,ZA,2022-11-09 20:55:30,-33.918,25.5701,61.09,92,75,2.3
203,Ilfracombe,GB,2022-11-09 20:55:30,51.2093,-4.1134,54.79,89,42,5.01
204,Montepuez,MZ,2022-11-09 20:55:31,-13.1256,38.9997,71.96,77,62,8.55
205,Goderich,CA,2022-11-09 20:55:31,43.7501,-81.7165,62.91,36,0,13.8
206,Kuusamo,FI,2022-11-09 20:55:31,65.9667,29.1833,28.44,100,100,4.61
207,Jadu,LY,2022-11-09 20:55:31,31.953,12.0261,58.35,28,62,6.26
208,Vilhena,BR,2022-11-09 20:55:32,-12.7406,-60.1458,93.42,33,75,5.75
209,Eldorado,BR,2022-11-09 20:51:17,-23.7869,-54.2836,77.23,62,37,4.94
210,Santiago Del Estero,AR,2022-11-09 20:55:32,-27.7951,-64.2615,97.54,18,89,18.52
211,Grand Forks,US,2022-11-09 20:55:32,47.9417,-97.4337,29.79,86,100,18.41
212,Mahina,PF,2022-11-09 20:55:33,-17.5065,-149.489,83.97,65,40,6.91
213,Novorzhev,RU,2022-11-09 20:55:33,57.0294,29.3338,46.76,85,100,9.24
214,New Norfolk,AU,2022-11-09 20:46:38,-42.7826,147.0587,63.91,56,6,1.01
215,East London,ZA,2022-11-09 20:55:33,-33.0153,27.9116,65.84,64,96,14.38
216,Acapulco,MX,2022-11-09 20:52:29,16.8634,-99.8901,83.93,71,14,10.58
217,Lagoa,PT,2022-11-09 20:55:33,39.05,-27.9833,66.31,84,100,25.41
218,Pacific Grove,US,2022-11-09 20:50:10,36.6177,-121.9166,58.42,69,0,6.91
219,Darab,IR,2022-11-09 20:55:34,28.7519,54.5444,64.69,57,100,2.91
220,Paraopeba,BR,2022-11-09 20:55:34,-19.2757,-44.4033,70.79,77,76,2.37
221,Hofn,IS,2022-11-09 20:55:34,64.2539,-15.2082,43.39,82,100,15.43
222,Plettenberg Bay,ZA,2022-11-09 20:55:35,-34.0527,23.3716,60.8,76,72,2.13
223,Vardo,NO,2022-11-09 20:55:35,70.3705,31.1107,39.18,81,75,17.27
224,Vanimo,PG,2022-11-09 20:55:35,-2.6741,141.3028,77.7,88,100,3.96
225,Talnakh,RU,2022-11-09 20:47:49,69.4865,88.3972,-6.65,99,100,2.51
226,Te Anau,NZ,2022-11-09 20:55:36,-45.4167,167.7167,50.76,58,7,0.22
227,Vostok,RU,2022-11-09 20:55:36,46.4856,135.8833,22.03,60,13,9.35
228,Hithadhoo,MV,2022-11-09 20:55:36,-0.6,73.0833,81.95,76,79,17.2
229,Okmulgee,US,2022-11-09 20:53:08,35.6234,-95.9605,78.1,53,75,14.97
230,Gotemba,JP,2022-11-09 20:56:36,35.3,138.9333,51.73,88,30,2.98
231,Caxito,AO,2022-11-09 20:56:37,-8.5785,13.6643,76.41,81,13,4.18
232,Kamuli,UG,2022-11-09 20:56:37,0.9472,33.1197,63.93,91,100,2.39
233,Belaya Gora,RU,2022-11-09 20:56:37,68.5333,146.4167,-24.57,100,38,4.45
234,Alihe,CN,2022-11-09 20:56:38,50.5667,123.7167,12.34,87,4,2.71
235,Qitaihe,CN,2022-11-09 20:56:38,45.8,130.85,30.81,63,100,2.98
236,Cidreira,BR,2022-11-09 20:56:38,-30.1811,-50.2056,65.97,79,11,8.57
237,Havelock,US,2022-11-09 20:54:28,34.8791,-76.9013,66.15,77,93,10.0
238,Maceio,BR,2022-11-09 20:56:38,-9.6658,-35.7353,80.04,78,0,13.8
239,Srednekolymsk,RU,2022-11-09 20:56:39,67.45,153.6833,-8.36,99,100,2.06
240,Clyde River,CA,2022-11-09 20:56:39,70.4692,-68.5914,-3.77,71,20,18.41
241,Karamakhi,RU,2022-11-09 20:56:39,42.6193,47.2602,35.87,74,99,2.48
242,Coihaique,CL,2022-11-09 20:48:10,-45.5752,-72.0662,62.55,48,75,4.61
243,Saskylakh,RU,2022-11-09 20:49:04,71.9167,114.0833,-21.84,99,19,5.97
244,Alamosa,US,2022-11-09 20:56:40,37.4695,-105.87,60.78,10,40,41.43
245,Mossendjo,CG,2022-11-09 20:56:40,-2.9506,12.7261,70.14,100,100,3.4
246,Dudinka,RU,2022-11-09 20:50:19,69.4058,86.1778,-3.82,99,100,6.69
247,Kalmunai,LK,2022-11-09 20:56:40,7.4167,81.8167,74.89,92,100,9.42
248,Samut Sakhon,TH,2022-11-09 20:56:41,13.5833,100.3,76.98,74,41,8.21
249,Namatanai,PG,2022-11-09 20:56:41,-3.6667,152.4333,82.89,75,52,5.08
250,Sao Fidelis,BR,2022-11-09 20:56:41,-21.6461,-41.7469,71.55,96,100,5.08
251,Maues,BR,2022-11-09 20:56:41,-3.3836,-57.7186,81.03,71,81,2.62
252,Chivay,PE,2022-11-09 20:56:42,-15.6383,-71.6011,53.1,34,63,15.41
253,River Falls,US,2022-11-09 20:56:42,44.8614,-92.6238,67.8,94,100,14.7
254,Locri,IT,2022-11-09 20:56:42,38.2414,16.2623,57.33,81,0,4.05
255,Cayenne,GF,2022-11-09 20:56:42,4.9333,-52.3333,82.44,78,0,8.05
256,Marawi,PH,2022-11-09 20:50:17,7.9986,124.2928,69.44,91,100,2.62
257,Berbera,SO,2022-11-09 20:56:43,10.4396,45.0143,82.29,76,0,6.6
258,Cockburn Town,TC,2022-11-09 20:56:43,21.4612,-71.1419,81.28,71,1,3.42
259,Praia Da Vitoria,PT,2022-11-09 20:55:01,38.7333,-27.0667,68.25,83,40,26.44
260,Segou,ML,2022-11-09 20:56:43,13.4317,-6.2157,80.92,15,58,7.34
261,Bitaogan,PH,2022-11-09 20:56:44,6.7684,126.0774,79.3,83,100,6.22
262,Tabuk,PH,2022-11-09 20:56:44,17.4189,121.4443,72.45,92,99,2.82
263,Port Augusta,AU,2022-11-09 20:56:44,-32.5,137.7667,68.34,66,50,6.11
264,Kupang,ID,2022-11-09 20:56:44,-10.1667,123.5833,80.15,83,91,5.06
265,Matoury,GF,2022-11-09 20:56:45,4.8483,-52.3317,82.36,78,0,8.05
266,Ust-Kishert,RU,2022-11-09 20:56:45,57.3654,57.2495,33.39,98,100,10.49
267,Neubrandenburg,DE,2022-11-09 20:56:45,53.5667,13.2667,52.75,76,100,13.42
268,Ust-Karsk,RU,2022-11-09 20:56:46,52.7011,118.8077,7.59,94,20,3.24
269,Ugoofaaru,MV,2022-11-09 20:56:46,5.6667,73.0,80.02,78,100,6.8
270,Paamiut,GL,2022-11-09 20:56:46,61.994,-49.6678,21.78,72,96,11.7
271,Bardiyah,LY,2022-11-09 20:56:46,31.7561,25.0865,66.09,59,0,4.99
272,Keskin,TR,2022-11-09 20:56:47,39.6731,33.6136,42.03,74,6,3.6
273,Luderitz,NA,2022-11-09 20:56:47,-26.6481,15.1594,61.21,71,92,15.99
274,Linxia,CN,2022-11-09 20:56:47,35.6003,103.2064,43.95,80,21,1.25
275,Hokitika,NZ,2022-11-09 20:56:47,-42.7167,170.9667,65.39,54,0,4.88
276,Wadi Musa,JO,2022-11-09 20:56:48,30.3222,35.4793,51.64,90,34,2.66
277,Goundam,ML,2022-11-09 20:56:48,16.4145,-3.6708,81.73,11,29,8.41
278,Sol-Iletsk,RU,2022-11-09 20:56:48,51.1631,54.9918,26.56,94,97,7.61
279,Luganville,VU,2022-11-09 20:56:46,-15.5333,167.1667,81.72,77,7,2.98
280,Sambava,MG,2022-11-09 20:57:49,-14.2667,50.1667,70.52,90,17,8.66
281,Erenhot,CN,2022-11-09 20:57:49,43.6475,111.9767,39.78,55,3,6.6
282,Kasongo-Lunda,CD,2022-11-09 20:57:49,-6.4667,16.8167,70.48,98,94,1.41
283,Portland,US,2022-11-09 20:56:59,45.5234,-122.6762,50.56,68,5,5.99
284,Boa Vista,BR,2022-11-09 20:57:49,2.8197,-60.6733,82.38,69,20,6.91
285,Bilibino,RU,2022-11-09 20:57:50,68.0546,166.4372,-5.75,97,100,0.76
286,Arraial Do Cabo,BR,2022-11-09 20:57:50,-22.9661,-42.0278,75.16,83,40,11.5
287,Shaoyang,CN,2022-11-09 20:57:50,27.2315,111.4525,66.97,71,1,1.25
288,Makushino,RU,2022-11-09 20:57:51,55.2103,67.2442,27.34,93,100,11.79
289,Superior,US,2022-11-09 20:57:51,46.7208,-92.1041,48.49,97,100,18.41
290,Naze,JP,2022-11-09 20:53:51,28.3667,129.4833,72.52,79,99,10.18
291,Saint Anthony,US,2022-11-09 20:57:51,45.0205,-93.218,67.08,90,100,11.5
292,Narsaq,GL,2022-11-09 20:57:51,60.9167,-46.05,26.46,83,100,2.37
293,Nuuk,GL,2022-11-09 20:57:52,64.1835,-51.7216,16.88,61,100,1.99
294,Ambilobe,MG,2022-11-09 20:57:52,-13.2,49.05,73.78,64,76,5.53
295,Vangaindrano,MG,2022-11-09 20:57:52,-23.35,47.6,71.49,86,19,6.04
296,Meulaboh,ID,2022-11-09 20:57:52,4.1363,96.1285,75.58,93,98,4.92
297,Mogok,MM,2022-11-09 20:57:53,22.9167,96.5,56.91,79,3,1.7
298,Platanos,GR,2022-11-09 20:57:53,37.6667,21.6167,59.09,74,0,3.51
299,Chimoio,MZ,2022-11-09 20:57:53,-19.1164,33.4833,71.46,83,75,2.55
300,Tehachapi,US,2022-11-09 20:57:54,35.1322,-118.449,49.33,82,52,11.99
301,Lucea,JM,2022-11-09 20:57:54,18.451,-78.1736,84.85,68,5,5.77
302,Saldanha,ZA,2022-11-09 20:57:54,-33.0117,17.9442,59.05,78,0,15.82
303,Pandaria,IN,2022-11-09 20:57:54,22.2333,81.4167,62.76,64,3,3.65
304,Pavlodar,KZ,2022-11-09 20:57:55,52.3,76.95,30.0,93,100,8.95
305,Marsa Matruh,EG,2022-11-09 20:54:17,31.3525,27.2453,68.2,60,0,9.22
306,Carutapera,BR,2022-11-09 20:53:19,-1.195,-46.02,78.13,78,10,8.25
307,Khani,GE,2022-11-09 20:57:55,41.9563,42.9566,44.17,90,100,1.25
308,Ancud,CL,2022-11-09 20:57:55,-41.8697,-73.8203,54.75,86,96,6.64
309,Yar-Sale,RU,2022-11-09 20:57:56,66.8333,70.8333,-0.85,96,15,4.94
310,Nichinan,JP,2022-11-09 20:57:56,31.6,131.3667,62.24,77,33,1.52
311,Kirakira,SB,2022-11-09 20:57:56,-10.4544,161.9205,82.08,80,100,6.93
312,Aswan,EG,2022-11-09 20:57:57,24.0934,32.907,70.9,40,0,6.91
313,Victoria,HK,2022-11-09 20:56:54,22.2855,114.1577,75.38,86,0,5.99
314,Kaitangata,NZ,2022-11-09 20:57:57,-46.2817,169.8464,51.31,58,10,3.78
315,Mogocha,RU,2022-11-09 20:57:57,53.7333,119.7667,5.81,94,5,2.26
316,Micheweni,TZ,2022-11-09 20:57:58,-4.9667,39.8333,77.31,88,14,6.76
317,Haines Junction,CA,2022-11-09 20:57:58,60.7522,-137.5108,10.35,85,100,3.44
318,Pangkalanbuun,ID,2022-11-09 20:57:58,-2.6833,111.6167,72.75,99,99,1.81
319,Asheville,US,2022-11-09 20:56:07,35.6009,-82.554,63.75,58,12,3.0
320,Berezovyy,RU,2022-11-09 20:57:58,51.6667,135.7,22.93,57,34,2.82
321,Sun Valley,US,2022-11-09 20:57:59,39.5963,-119.776,42.58,60,40,18.41
322,Jalu,LY,2022-11-09 20:49:02,29.0331,21.5482,65.77,53,0,5.53
323,Erzin,TR,2022-11-09 20:50:22,36.9559,36.2,61.05,64,70,4.81
324,Gotsu,JP,2022-11-09 20:58:59,35.0,132.2167,54.48,69,23,5.3
325,Walvis Bay,NA,2022-11-09 20:58:59,-22.9575,14.5053,61.75,82,0,4.61
326,Aranos,NA,2022-11-09 20:59:00,-24.1333,19.1167,77.38,18,0,7.43
327,Necochea,AR,2022-11-09 20:57:19,-38.5473,-58.7368,79.61,30,96,11.81
328,Omsukchan,RU,2022-11-09 20:59:00,62.5333,155.8,-11.85,95,100,4.43
329,Qaqortoq,GL,2022-11-09 20:59:00,60.7167,-46.0333,25.95,83,100,0.25
330,Hutchinson,US,2022-11-09 20:56:07,38.0608,-97.9298,75.58,73,97,7.0
331,Hareid,NO,2022-11-09 20:59:01,62.3714,6.0263,50.7,77,95,12.19
332,Limbang,MY,2022-11-09 20:59:01,4.75,115.0,78.06,97,58,1.79
333,Magdagachi,RU,2022-11-09 20:59:01,53.45,125.8,12.76,82,8,4.94
334,Marsh Harbour,BS,2022-11-09 20:59:01,26.5412,-77.0636,78.57,87,100,39.71
335,Wah,PK,2022-11-09 20:59:02,33.798,72.6957,58.01,78,100,4.09
336,Zhuhai,CN,2022-11-09 20:59:02,22.2769,113.5678,74.98,94,20,4.61
337,Zagorje Ob Savi,SI,2022-11-09 20:59:02,46.1318,14.9969,58.08,79,99,3.4
338,Banepa,NP,2022-11-09 20:59:03,27.6298,85.5214,55.72,88,40,2.3
339,Verkhnevilyuysk,RU,2022-11-09 20:59:03,63.4453,120.3167,9.39,97,100,2.59
340,Pau Brasil,BR,2022-11-09 20:59:03,-15.4642,-39.6511,72.27,91,100,3.53
341,Sur,OM,2022-11-09 20:59:04,22.5667,59.5289,79.05,63,2,5.17
342,Hua Hin,TH,2022-11-09 20:59:04,12.5707,99.9588,74.26,75,74,8.95
343,Tongchuan,CN,2022-11-09 20:59:04,35.0806,109.0897,54.01,84,91,2.17
344,Nkayi,CG,2022-11-09 20:59:05,-4.1841,13.2884,73.33,98,100,1.59
345,Muros,ES,2022-11-09 20:59:05,42.7762,-9.0603,63.16,93,72,8.59
346,Tabou,CI,2022-11-09 20:59:05,4.423,-7.3528,78.4,81,43,7.18
347,Desbiens,CA,2022-11-09 20:59:06,48.4178,-71.9495,36.25,43,100,13.96
348,Eyl,SO,2022-11-09 20:59:06,7.9803,49.8164,79.52,73,81,11.99
349,Vokhtoga,RU,2022-11-09 20:59:06,58.8147,41.0461,44.33,98,100,8.14
350,Gorlice,PL,2022-11-09 20:59:06,49.6556,21.1604,50.56,92,63,5.61
351,Beringovskiy,RU,2022-11-09 20:50:08,63.05,179.3167,17.19,93,100,5.3
352,Roald,NO,2022-11-09 20:59:07,62.5833,6.1333,50.92,71,75,8.05
353,Warri,NG,2022-11-09 20:54:18,5.5167,5.75,77.13,88,100,5.03
354,Guangyuan,CN,2022-11-09 20:59:07,32.442,105.823,60.26,92,100,2.08
355,Hellvik,NO,2022-11-09 20:59:08,59.9156,5.781,52.77,89,93,7.0
356,Norman Wells,CA,2022-11-09 20:59:08,65.282,-126.8329,12.24,79,75,5.75
357,Phalodi,IN,2022-11-09 20:59:08,27.1333,72.3667,72.27,36,0,5.57
358,Shu,KZ,2022-11-09 20:59:08,43.5983,73.7614,34.18,74,46,4.63
359,Makokou,GA,2022-11-09 20:59:09,0.5738,12.8642,70.25,98,95,2.68
360,Rexburg,US,2022-11-09 20:55:41,43.826,-111.7897,36.0,69,99,18.07
361,Ballina,AU,2022-11-09 20:59:10,-28.8667,153.5667,63.01,90,25,9.51
362,Hambantota,LK,2022-11-09 20:59:10,6.1241,81.1185,77.13,86,100,4.45
363,Manokwari,ID,2022-11-09 20:59:10,-0.8667,134.0833,77.23,84,100,4.47
364,Muzhi,RU,2022-11-09 20:59:11,65.3667,64.6667,16.7,97,95,4.47
365,Faanui,PF,2022-11-09 20:50:19,-16.4833,-151.75,78.75,78,25,14.41
366,Itaituba,BR,2022-11-09 20:59:11,-4.2761,-55.9836,93.36,59,20,4.61
367,Cove,BJ,2022-11-09 20:59:12,7.221,2.3402,77.59,82,8,6.08
368,Dakar,SN,2022-11-09 20:55:00,14.6937,-17.4441,79.68,77,5,13.29
369,La Ronge,CA,2022-11-09 20:59:12,55.1001,-105.2842,7.05,78,20,5.75
370,Plouzane,FR,2022-11-09 21:00:12,48.3833,-4.6167,53.65,90,20,8.05
371,Richards Bay,ZA,2022-11-09 21:00:13,-28.783,32.0377,72.23,88,32,10.83
372,Vestmannaeyjar,IS,2022-11-09 21:00:15,63.4427,-20.2734,45.16,82,100,12.44
373,Cristalina,BR,2022-11-09 21:00:15,-16.7686,-47.6136,70.05,66,59,4.34
374,Bereda,ES,2022-11-09 21:00:15,43.2686,-7.5406,56.41,100,99,2.15
375,Poum,NC,2022-11-09 20:50:20,-20.2333,164.0167,76.17,71,62,20.54
376,Aykhal,RU,2022-11-09 21:00:16,66.0,111.5,9.82,96,100,8.68
377,Esil,KZ,2022-11-09 21:00:17,51.9556,66.4042,29.25,95,100,13.31
378,Nouakchott,MR,2022-11-09 21:00:17,18.0858,-15.9785,76.93,67,97,12.39
379,Aklavik,CA,2022-11-09 21:00:18,68.2191,-135.0107,13.86,90,22,11.05
380,Sayat,TM,2022-11-09 21:00:18,38.7839,63.8803,43.75,50,0,6.38
381,Natal,BR,2022-11-09 21:00:19,-5.795,-35.2094,78.94,73,35,11.52
382,Kidal,ML,2022-11-09 21:00:19,18.4411,1.4078,75.24,10,4,9.98
383,Polangi,PH,2022-11-09 21:00:19,11.5265,124.9212,75.13,92,99,2.44
384,Lavumisa,SZ,2022-11-09 21:00:20,-27.31,31.892,71.4,85,61,5.73
385,Lahij,YE,2022-11-09 21:00:21,13.1667,44.5833,73.44,82,1,3.62
386,Isla Aguada,MX,2022-11-09 21:00:21,18.7833,-91.4667,79.23,67,0,10.07
387,Domoni,KM,2022-11-09 21:00:21,-12.2569,44.5319,76.84,83,10,8.05
388,San Cristobal,VE,2022-11-09 21:00:22,7.7669,-72.225,70.5,95,100,1.63
389,Airai,TL,2022-11-09 21:00:22,-8.9266,125.4092,61.16,91,63,1.66
390,Leningradskiy,RU,2022-11-09 21:00:24,69.3833,178.4167,0.66,88,100,5.86
391,Salinopolis,BR,2022-11-09 21:00:24,-0.6136,-47.3561,79.48,75,22,11.65
392,Kalabo,ZM,2022-11-09 21:00:25,-14.97,22.6814,71.58,78,100,9.6
393,Cananeia,BR,2022-11-09 21:00:25,-25.0147,-47.9267,69.08,75,18,6.51
394,Nantucket,US,2022-11-09 21:00:26,41.2835,-70.0995,50.0,74,3,3.76
395,Volchikha,RU,2022-11-09 21:00:26,52.0333,80.3833,26.1,93,100,9.48
396,Vila Velha,BR,2022-11-09 21:00:27,-20.3297,-40.2925,74.95,80,88,1.01
397,Along,IN,2022-11-09 21:00:27,28.1667,94.7667,57.34,86,8,1.66
398,Moissala,TD,2022-11-09 21:00:28,8.3404,17.7663,79.66,53,83,2.98
399,Usinsk,RU,2022-11-09 21:00:28,65.9939,57.5281,26.83,94,100,6.06
400,Benavente,ES,2022-11-09 20:59:51,42.0025,-5.6783,51.66,79,5,1.99
401,Korla,CN,2022-11-09 21:00:29,41.7597,86.1469,44.64,60,100,11.01
402,Acarau,BR,2022-11-09 21:00:30,-2.8856,-40.12,79.99,75,100,15.1
403,Dolores,AR,2022-11-09 21:00:03,-36.3132,-57.6792,70.43,40,95,14.99
404,Lander,US,2022-11-09 21:00:30,42.833,-108.7307,39.79,74,100,3.44
405,Zhigansk,RU,2022-11-09 21:00:31,66.7697,123.3711,-7.47,97,99,11.72
406,Port-Gentil,GA,2022-11-09 21:00:31,-0.7193,8.7815,78.76,94,75,8.05
407,Udachnyy,RU,2022-11-09 21:00:32,66.4167,112.4,4.06,97,100,5.1
408,Eenhana,NA,2022-11-09 21:00:32,-17.4667,16.3333,76.26,22,0,6.13
409,Chirala,IN,2022-11-09 21:00:33,15.8167,80.35,73.62,82,51,9.69
410,Turukhansk,RU,2022-11-09 21:00:33,65.8167,87.9833,-21.98,100,92,1.74
411,La Serena,CL,2022-11-09 21:00:33,-29.9078,-71.2542,62.71,65,100,3.22
412,La Asuncion,VE,2022-11-09 21:00:34,11.0333,-63.8628,87.53,70,100,9.22
413,Okakarara,NA,2022-11-09 21:00:34,-20.5833,17.4333,72.3,21,0,9.98
414,Vanavara,RU,2022-11-09 21:00:34,60.34,102.2797,19.33,92,100,10.85
415,Grand Gaube,MU,2022-11-09 21:01:35,-20.0064,57.6608,71.38,71,8,1.99
416,Krasnoselkup,RU,2022-11-09 21:01:35,65.7,82.4667,-17.01,100,23,4.16
417,Salalah,OM,2022-11-09 21:01:35,17.0151,54.0924,75.51,61,6,2.42
418,Abilene,US,2022-11-09 20:58:50,32.4487,-99.7331,78.19,65,75,19.57
419,Biak,ID,2022-11-09 21:01:35,-0.9131,122.8766,76.15,85,99,2.13
420,Tezu,IN,2022-11-09 21:01:36,27.9167,96.1667,63.3,55,0,3.83
421,Mineros,BO,2022-11-09 21:01:37,-17.1167,-63.2333,98.8,21,8,8.81
422,Kavieng,PG,2022-11-09 21:01:37,-2.5744,150.7967,83.21,72,91,3.2
423,Okhotsk,RU,2022-11-09 21:01:37,59.3833,143.3,3.92,72,0,18.66
424,Mount Pleasant,US,2022-11-09 21:01:38,32.7941,-79.8626,69.1,69,100,17.27
425,Auki,SB,2022-11-09 21:01:38,-8.7676,160.7034,76.95,90,100,4.83
426,Iznoski,RU,2022-11-09 21:01:38,54.9881,35.3108,43.7,93,99,8.59
427,Loiza,PR,2022-11-09 21:01:38,18.4313,-65.8802,85.06,82,63,10.25
428,Sioux Lookout,CA,2022-11-09 21:00:46,50.1001,-91.917,35.64,80,99,5.66
429,Ternate,ID,2022-11-09 21:01:39,0.8,127.4,80.71,79,99,3.36
430,Nuevitas,CU,2022-11-09 21:01:39,21.5453,-77.2644,81.97,64,98,8.05
431,Swinoujscie,PL,2022-11-09 21:01:40,53.9105,14.2471,51.19,82,100,15.32
432,Kimry,RU,2022-11-09 20:59:31,56.8667,37.35,45.5,89,99,9.42
433,Manuk Mangkaw,PH,2022-11-09 21:01:40,4.8,119.85,82.09,75,98,3.11
434,Lincoln,US,2022-11-09 20:59:44,40.8,-96.667,75.27,68,100,13.0
435,Custoias,PT,2022-11-09 21:01:41,41.1053,-7.321,56.14,85,43,3.67
436,Rio Grande,BR,2022-11-09 21:01:41,-32.035,-52.0986,65.12,75,5,10.65
437,Straumen,NO,2022-11-09 21:01:42,63.8709,11.2999,41.0,92,100,4.25
438,Lavrentiya,RU,2022-11-09 21:01:42,65.5833,-171.0,22.75,79,100,4.32
439,Manicore,BR,2022-11-09 21:01:42,-5.8092,-61.3003,81.52,68,99,1.23
440,Jutai,BR,2022-11-09 21:01:43,-5.1833,-68.9,92.48,44,23,1.59
441,Yelizovo,RU,2022-11-09 21:01:43,53.1873,158.3805,15.94,79,0,11.18
442,Beihai,CN,2022-11-09 21:00:28,21.4833,109.1,73.98,87,79,6.71
443,Izberbash,RU,2022-11-09 21:01:43,42.5696,47.8645,48.25,76,72,8.84
444,Veraval,IN,2022-11-09 21:01:44,20.9,70.3667,78.21,67,0,4.54
445,Porto Velho,BR,2022-11-09 20:58:04,-8.7619,-63.9039,87.85,66,20,3.44
446,Lorengau,PG,2022-11-09 21:01:44,-2.0226,147.2712,82.92,71,91,2.91
447,Vao,NC,2022-11-09 21:01:44,-22.6667,167.4833,72.9,81,81,19.3
448,Broome,US,2022-11-09 21:01:44,42.2506,-75.833,54.59,29,0,9.22
449,Bar Harbor,US,2022-11-09 21:01:45,44.3876,-68.2039,45.34,54,0,6.91
450,Dergaon,IN,2022-11-09 21:01:45,26.7,93.9667,64.09,91,0,1.16
451,Mackay,AU,2022-11-09 21:01:45,-21.15,149.2,72.68,59,89,15.12
452,Yulara,AU,2022-11-09 21:01:46,-25.2406,130.9889,76.3,26,97,12.19
453,Kholtoson,RU,2022-11-09 21:01:46,50.2981,103.3097,24.64,95,100,1.92
454,Sabancuy,MX,2022-11-09 21:01:46,18.9667,-91.1833,80.28,62,0,8.7
455,Den Helder,NL,2022-11-09 21:01:46,52.9599,4.7593,57.18,74,8,17.27
456,Shimoda,JP,2022-11-09 21:01:47,34.6667,138.95,57.11,68,0,9.75
457,Awjilah,LY,2022-11-09 21:01:47,29.1081,21.2869,66.16,52,0,5.46
458,Troitsko-Pechorsk,RU,2022-11-09 21:02:47,62.7084,56.1964,31.3,98,100,2.86
459,Isangel,VU,2022-11-09 21:02:48,-19.55,169.2667,79.68,78,15,7.96
460,Taga,RO,2022-11-09 21:02:48,46.95,24.05,43.32,84,63,2.21
461,Jacareacanga,BR,2022-11-09 21:02:49,-6.2222,-57.7528,86.29,62,89,2.77
462,Caravelas,BR,2022-11-09 21:02:49,-17.7125,-39.2481,73.96,85,96,6.22
463,Voh,NC,2022-11-09 21:02:49,-20.9667,164.7,75.36,76,75,9.82
464,Antofagasta,CL,2022-11-09 21:02:50,-23.65,-70.4,65.07,63,3,6.42
465,Tignere,CM,2022-11-09 21:02:50,7.3667,12.65,68.07,46,23,2.42
466,Kuchurhan,UA,2022-11-09 21:02:50,47.163,29.7894,44.38,84,8,7.11
467,Bairiki,KI,2022-11-09 21:02:51,1.3292,172.9752,84.2,74,20,11.5
468,Wilmington,US,2022-11-09 21:01:53,34.2257,-77.9447,68.0,67,100,18.41
469,Geraldton,AU,2022-11-09 21:02:51,-28.7667,114.6,52.21,93,32,9.22
470,Xam Nua,LA,2022-11-09 21:02:52,20.4197,104.0439,54.82,94,9,1.88
471,Ust-Koksa,RU,2022-11-09 21:02:52,50.2696,85.6108,8.53,93,42,1.14
472,Ust-Kuyga,RU,2022-11-09 21:02:52,70.0167,135.6,-15.77,100,90,6.17
473,Taoudenni,ML,2022-11-09 21:02:53,22.6783,-3.9836,77.76,12,86,11.32
474,Varhaug,NO,2022-11-09 21:02:53,58.6147,5.6457,51.89,87,15,13.06
475,Eureka,US,2022-11-09 21:00:23,40.8021,-124.1637,59.2,86,15,5.01
476,Pucallpa,PE,2022-11-09 21:02:54,-8.3791,-74.5539,100.04,26,75,4.29
477,Nardaran,AZ,2022-11-09 21:02:54,40.5561,50.0056,51.44,87,0,0.0
478,San Luis,AR,2022-11-09 21:02:54,-33.295,-66.3356,87.51,20,2,24.25
479,Lowestoft,GB,2022-11-09 21:02:07,52.4752,1.7516,50.25,88,66,17.11
480,La Rioja,ES,2022-11-09 21:00:04,42.25,-2.5,40.78,89,65,3.47
481,Jinchang,CN,2022-11-09 21:02:54,38.4953,102.1739,40.86,70,0,4.81
482,Klaksvik,FO,2022-11-09 21:02:55,62.2266,-6.589,49.12,93,90,22.37
483,Kuching,MY,2022-11-09 21:02:55,1.55,110.3333,75.42,94,40,0.0
484,Wisconsin Rapids,US,2022-11-09 21:02:55,44.3836,-89.8174,68.29,69,100,10.36
485,Sinnamary,GF,2022-11-09 21:02:56,5.3833,-52.95,78.42,87,100,8.99
486,San Borja,BO,2022-11-09 21:02:56,-14.8167,-66.85,93.04,34,80,1.61
487,Nizwa,OM,2022-11-09 20:58:15,22.9333,57.5333,75.51,46,15,4.29
488,Kaputa,ZM,2022-11-09 21:02:56,-8.4689,29.6619,68.41,84,100,3.6
489,Paita,PE,2022-11-09 21:02:57,-5.0892,-81.1144,68.4,74,37,16.75
490,Sebastian,US,2022-11-09 21:02:57,35.1668,-94.2669,81.9,58,93,7.02
491,Moose Factory,CA,2022-11-09 21:02:57,51.2585,-80.6094,39.15,90,100,11.01
492,Pimentel,PE,2022-11-09 21:02:58,-6.8367,-79.9342,66.22,78,32,15.84
493,Kemin,KG,2022-11-09 21:00:51,42.7846,75.6892,29.88,59,7,4.85
494,Baley,RU,2022-11-09 21:02:58,51.6,116.6333,8.31,90,22,3.65
495,Collie,AU,2022-11-09 21:02:58,-33.3667,116.15,51.44,92,61,2.93
496,Snezhnogorsk,RU,2022-11-09 21:02:58,69.1933,33.2531,29.98,91,72,10.92
497,Husavik,IS,2022-11-09 21:02:59,66.0449,-17.3389,38.77,98,98,3.67
498,Ahipara,NZ,2022-11-09 21:02:59,-35.1667,173.1667,66.11,73,8,6.13
499,Tuatapere,NZ,2022-11-09 21:02:59,-46.1333,167.6833,52.41,55,1,5.37
500,Tateyama,JP,2022-11-09 21:03:00,34.9833,139.8667,65.46,60,1,15.93
501,Mercedes,AR,2022-11-09 21:03:00,-34.6515,-59.4307,81.95,16,100,15.17
502,Barcelos,PT,2022-11-09 21:03:00,41.5388,-8.6151,60.94,92,96,4.72
503,Sherlovaya Gora,RU,2022-11-09 21:03:01,50.5667,116.25,17.98,65,98,3.18
504,Sheridan,US,2022-11-09 21:03:01,44.8333,-106.9173,17.98,73,100,9.22
505,Seoul,KR,2022-11-09 21:03:01,37.5683,126.9778,44.04,76,95,1.59
506,Jiexiu,CN,2022-11-09 21:03:02,37.0244,111.9125,54.23,78,89,1.99
507,Aripuana,BR,2022-11-09 21:04:02,-9.1667,-60.6333,93.52,36,94,2.62
508,Lusambo,CD,2022-11-09 21:04:02,-4.9667,23.45,67.75,99,100,2.01
509,Hondo,JP,2022-11-09 21:04:03,32.45,130.2,63.3,68,3,5.06
510,Mombetsu,JP,2022-11-09 21:04:03,44.3525,143.3525,49.8,69,33,20.96
511,Anito,PH,2022-11-09 21:04:03,12.4497,125.2886,76.93,92,98,3.33
512,Ajaccio,FR,2022-11-09 21:04:04,42.0,8.9167,55.45,77,100,5.75
513,Monterey,US,2022-11-09 21:04:04,36.2505,-121.2516,51.17,48,12,5.5
514,Oga,IT,2022-11-09 21:04:04,46.4631,10.347,40.8,100,100,1.68
515,Baleshwar,IN,2022-11-09 21:04:05,21.4942,86.9317,69.49,66,31,4.7
516,San Patricio,US,2022-11-09 21:04:05,28.017,-97.5169,84.06,54,95,13.2
517,Alencon,FR,2022-11-09 21:04:05,48.4333,0.0833,46.92,91,5,4.54
518,Passo De Camaragibe,BR,2022-11-09 21:04:06,-9.2368,-35.4901,78.35,86,4,4.52
519,Itarema,BR,2022-11-09 21:04:06,-2.9248,-39.9167,79.65,76,100,14.32
520,Tilichiki,RU,2022-11-09 21:04:06,60.4667,166.1,3.51,96,78,5.19
521,Camargo,MX,2022-11-09 21:01:07,27.6667,-105.1667,84.36,16,0,5.77
522,Sulina,RO,2022-11-09 21:04:07,45.1559,29.6536,51.49,71,5,6.08
523,Mahibadhoo,MV,2022-11-09 21:04:07,3.7833,72.9667,81.18,73,100,11.77
524,Port Hawkesbury,CA,2022-11-09 21:04:07,45.6169,-61.3485,39.78,74,42,15.01
525,Vila,PT,2022-11-09 21:04:08,42.0304,-8.1588,49.08,93,100,3.56
526,Yamada,JP,2022-11-09 21:02:21,39.4667,141.95,48.0,79,100,6.69
527,Umm Lajj,SA,2022-11-09 21:04:08,25.0213,37.2685,73.22,61,0,6.96
528,Nemuro,JP,2022-11-09 21:04:08,43.3236,145.575,52.7,77,100,20.2
529,Tshikapa,CD,2022-11-09 21:04:09,-6.4167,20.8,70.18,97,100,3.58
530,Anadyr,RU,2022-11-09 21:04:09,64.75,177.4833,16.3,85,75,8.95
531,Loharu,IN,2022-11-09 21:04:09,28.45,75.8167,73.2,52,66,3.94
532,Aksu,CN,2022-11-09 21:04:10,41.1231,80.2644,40.55,56,3,2.51
533,Lasa,IT,2022-11-09 21:04:10,46.6166,10.7002,45.36,99,100,1.95
534,Inza,RU,2022-11-09 21:04:10,53.8533,46.3586,39.72,86,81,3.0
535,Glebychevo,RU,2022-11-09 21:04:11,60.4387,28.7183,47.43,93,100,13.96
536,Auch,FR,2022-11-09 21:04:11,43.65,0.5833,56.25,91,31,1.99
537,Caimito,CO,2022-11-09 21:04:11,8.8123,-75.4107,76.89,90,100,9.64
538,Babu,CN,2022-11-09 21:04:12,24.4167,111.5167,70.54,88,50,2.42
539,Ligayan,PH,2022-11-09 21:04:12,4.6533,119.4706,82.22,75,93,2.3
540,Arinos,BR,2022-11-09 21:04:12,-15.9169,-46.1056,79.65,59,79,1.9
541,Maun,BW,2022-11-09 21:04:13,-19.9833,23.4167,80.8,29,0,7.52
542,Pafos,CY,2022-11-09 21:04:13,34.7667,32.4167,58.78,63,20,8.05
543,Tigre,AR,2022-11-09 21:04:13,-34.426,-58.5796,80.06,59,0,12.66
544,Chernyshevskiy,RU,2022-11-09 21:04:14,63.0128,112.4714,17.17,93,100,10.16
545,Camacupa,AO,2022-11-09 21:04:14,-12.0167,17.4833,68.18,72,68,5.48
546,Bubaque,GW,2022-11-09 21:04:14,11.2833,-15.8333,82.94,68,6,10.18
547,Kosh-Agach,RU,2022-11-09 21:04:15,50.0,88.6667,11.35,75,17,2.08
548,Hobyo,SO,2022-11-09 21:04:15,5.3505,48.5268,79.74,69,1,11.01
549,Shush,IR,2022-11-09 21:04:15,32.1942,48.2436,71.38,64,87,8.43
550,Bouca,CF,2022-11-09 21:04:16,6.5105,18.2733,71.98,86,94,3.51
551,Marsaxlokk,MT,2022-11-09 21:04:16,35.8419,14.5431,64.08,88,0,2.3
552,Mecca,SA,2022-11-09 21:04:16,21.4267,39.8261,76.77,57,72,3.76
553,Arlit,NE,2022-11-09 21:04:16,18.7369,7.3853,76.32,14,0,9.86
